,meal_id,new_prediction,95th Percentile Interval,97th Percentile Interval,99th Percentile Interval
0,1000,7.023204157496737,11.0,12.0,13.0
1,1001,8.19688220156748,12.0,13.0,15.0
2,1002,7.990184501930837,12.0,13.0,14.0
3,1003,8.920913509113246,13.0,14.0,15.0
4,1004,3.919873545654191,8.0,9.0,10.0
5,1005,7.786667357382822,12.0,13.0,14.0
6,1006,8.26394368139854,12.0,13.0,15.0
7,1007,7.085921836340154,11.0,12.0,13.0
8,1008,6.596526704635887,11.0,12.0,13.0
9,1009,8.059738360843369,12.0,13.0,14.0
10,1010,6.39032803024755,11.0,11.0,13.0
11,1011,6.392085884358133,11.0,11.0,13.0
12,1012,4.097315509967889,8.0,9.0,10.0
13,1013,9.047753199774963,13.0,14.0,15.0
14,1014,8.659543669131914,13.0,14.0,15.0
15,1015,7.908310025404173,12.0,13.0,14.0
16,1016,6.835854861206034,11.0,12.0,13.0
17,1017,8.787279559961263,13.0,14.0,15.0
18,1018,8.244241381561066,12.0,13.0,15.0
19,1019,5.554804927864205,10.0,10.0,12.0
20,1020,9.845602778575921,14.0,15.0,16.0
21,1021,6.373639802319289,11.0,11.0,13.0
22,1022,7.489829060553739,12.0,12.0,14.0
23,1023,4.050522994631247,8.0,9.0,10.0
24,1024,5.288630221758014,10.0,10.0,12.0
25,1025,6.47297455523592,11.0,11.0,13.0
26,1026,7.423969322294731,12.0,12.0,14.0
27,1027,5.419373389376779,10.0,10.0,12.0
28,1028,3.991741983955178,8.0,9.0,10.0
29,1029,9.271532423056911,14.0,14.0,16.0
30,1030,9.583574113885271,14.0,15.0,16.0
31,1031,7.6629985933512454,12.0,13.0,14.0
32,1032,9.120550452038062,13.0,14.0,15.0
33,1033,6.659446384236349,11.0,12.0,13.0
34,1034,10.168755000004076,14.0,15.0,17.0
35,1035,3.11940500273071,7.0,8.0,9.0
36,1036,9.698122411634202,14.0,15.0,16.0
37,1037,8.205207537750693,12.0,13.0,15.0
38,1038,8.375298361704099,13.0,13.0,15.0
39,1039,7.2668800182186555,11.0,12.0,14.0
40,1040,7.452204093447935,12.0,12.0,14.0
41,1041,5.939198034996186,10.0,11.0,12.0
42,1042,7.650420993436053,12.0,13.0,14.0
43,1043,6.0398974780035735,10.0,11.0,12.0
44,1044,7.819711743867537,12.0,13.0,14.0
45,1045,9.005290716848444,13.0,14.0,15.0
46,1046,7.5362719161228116,12.0,12.0,14.0
47,1047,6.266567160067785,10.0,11.0,13.0
48,1048,9.507711695787998,14.0,14.0,16.0
49,1049,7.133000247033584,11.0,12.0,13.0
50,1050,9.387153702877447,14.0,14.0,16.0
51,1051,8.421949150575616,13.0,13.0,15.0
52,1052,8.55659436273175,13.0,14.0,15.0
53,1053,8.481330667572365,13.0,13.0,15.0
54,1054,6.28527114836786,11.0,11.0,13.0
55,1055,8.127834551177628,12.0,13.0,14.0
56,1056,8.249816137168805,12.0,13.0,15.0
57,1057,10.23061707692026,14.0,15.0,17.0
58,1058,3.771405982925274,8.0,9.0,10.0
59,1059,10.062355285045905,14.0,15.0,16.0
60,1060,6.099122825325863,10.0,11.0,12.0
61,1061,6.838165827147286,11.0,12.0,13.0
62,1062,8.962009505011372,13.0,14.0,15.0
63,1063,5.8027291038842055,10.0,11.0,12.0
64,1064,7.466936791765061,12.0,12.0,14.0
65,1065,7.152936870396129,11.0,12.0,13.0
66,1066,4.455816612535957,9.0,9.0,11.0
67,1067,6.542888985862366,11.0,11.0,13.0
68,1068,5.692414299065117,10.0,11.0,12.0
69,1069,7.476710097802348,12.0,12.0,14.0
70,1070,8.214368240934617,12.0,13.0,15.0
71,1071,5.658333250402206,10.0,11.0,12.0
72,1072,7.851820464828774,12.0,13.0,14.0
73,1073,8.005857271906027,12.0,13.0,14.0
74,1074,4.22606452067228,8.0,9.0,11.0
75,1075,7.973845166410456,12.0,13.0,14.0
76,1076,5.448227862025057,10.0,10.0,12.0
77,1077,2.4151799375750715,7.0,7.0,9.0
78,1078,7.6260101615835385,12.0,13.0,14.0
79,1079,6.193499364166981,10.0,11.0,13.0
80,1080,6.7661717589720425,11.0,12.0,13.0
81,1081,7.490732564238026,12.0,12.0,14.0
82,1082,7.8352156805598865,12.0,13.0,14.0
83,1083,4.790215367217661,9.0,10.0,11.0
84,1084,8.21527576233827,12.0,13.0,15.0
85,1085,8.942906961538098,13.0,14.0,15.0
86,1086,5.656879229077032,10.0,11.0,12.0
87,1087,6.583689067885757,11.0,12.0,13.0
88,1088,7.234271134247412,11.0,12.0,14.0
89,1089,9.20638574597806,13.0,14.0,16.0
90,1090,7.742210957642142,12.0,13.0,14.0
91,1091,2.3798375085365246,7.0,7.0,9.0
92,1092,7.362263105718184,12.0,12.0,14.0
93,1093,7.370069488753846,12.0,12.0,14.0
94,1094,6.798340895707394,11.0,12.0,13.0
95,1095,8.081244042916824,12.0,13.0,14.0
96,1096,8.522390812823291,13.0,13.0,15.0
97,1097,8.057993295284287,12.0,13.0,14.0
98,1098,9.588800592261876,14.0,15.0,16.0
99,1099,8.312873150469947,13.0,13.0,15.0
100,1100,10.204763873709624,14.0,15.0,17.0
101,1101,8.933836986664243,13.0,14.0,15.0
102,1102,6.219429682489356,10.0,11.0,13.0
103,1103,7.641208373564176,12.0,13.0,14.0
104,1104,8.776406380251906,13.0,14.0,15.0
105,1105,7.249442778301143,11.0,12.0,14.0
106,1106,8.812341876067325,13.0,14.0,15.0
107,1107,9.355808311908984,14.0,14.0,16.0
108,1108,8.38029518295232,13.0,13.0,15.0
109,1109,6.066562055310946,10.0,11.0,12.0
110,1110,6.6396738643771425,11.0,12.0,13.0
111,1111,7.929774620790724,12.0,13.0,14.0
112,1112,7.343277757195122,12.0,12.0,14.0
113,1113,8.388998264885615,13.0,13.0,15.0
114,1114,5.902134870311591,10.0,11.0,12.0
115,1115,9.69763953817087,14.0,15.0,16.0
116,1116,5.3987174872349115,10.0,10.0,12.0
117,1117,8.002880540820994,12.0,13.0,14.0
118,1118,7.913042266115889,12.0,13.0,14.0
119,1119,3.596739695982901,8.0,9.0,10.0
120,1120,10.611228650532295,15.0,16.0,17.0
121,1121,5.98398946101226,10.0,11.0,12.0
122,1122,10.728217697821727,15.0,16.0,17.0
123,1123,7.25926227608914,11.0,12.0,14.0
124,1124,8.167007043658792,12.0,13.0,15.0
125,1125,3.4555984098535077,8.0,8.0,10.0
126,1126,4.793459979159261,9.0,10.0,11.0
127,1127,9.389105991700143,14.0,14.0,16.0
128,1128,10.345372905143709,15.0,15.0,17.0
129,1129,9.043108104647493,13.0,14.0,15.0
130,1130,6.307123847028958,11.0,11.0,13.0
131,1131,8.284196662975223,13.0,13.0,15.0
132,1132,7.759229616709886,12.0,13.0,14.0
133,1133,6.294893576305826,11.0,11.0,13.0
134,1134,7.020637442002344,11.0,12.0,13.0
135,1135,2.735051821928354,7.0,8.0,9.0
136,1136,5.431663681403969,10.0,10.0,12.0
137,1137,4.059914375133569,8.0,9.0,10.0
138,1138,8.618823089850334,13.0,14.0,15.0
139,1139,7.151540215884594,11.0,12.0,13.0
140,1140,8.4610298561668,13.0,13.0,15.0
141,1141,8.076484117392248,12.0,13.0,14.0
142,1142,7.500325374962552,12.0,12.0,14.0
143,1143,5.382674524035134,10.0,10.0,12.0
144,1144,9.077000889720916,13.0,14.0,15.0
145,1145,8.424711801130531,13.0,13.0,15.0
146,1146,6.641130361839608,11.0,12.0,13.0
147,1147,6.817180115072561,11.0,12.0,13.0
148,1148,10.702455520492544,15.0,16.0,17.0
149,1149,7.070796728576224,11.0,12.0,13.0
150,1150,5.544738872429377,10.0,10.0,12.0
151,1151,10.430144260921326,15.0,15.0,17.0
152,1152,8.505015868134988,13.0,13.0,15.0
153,1153,5.662850954349151,10.0,11.0,12.0
154,1154,5.122701511830099,9.0,10.0,11.0
155,1155,6.760317542329246,11.0,12.0,13.0
156,1156,8.827194302789637,13.0,14.0,15.0
157,1157,7.797247985617951,12.0,13.0,14.0
158,1158,7.709020671142298,12.0,13.0,14.0
159,1159,7.700613432335299,12.0,13.0,14.0
160,1160,5.637500300676241,10.0,11.0,12.0
161,1161,10.883599278680297,15.0,16.0,17.0
162,1162,8.369975033831224,13.0,13.0,15.0
163,1163,9.272257621952258,14.0,14.0,16.0
164,1164,4.99661943523331,9.0,10.0,11.0
165,1165,6.829918324561666,11.0,12.0,13.0
166,1166,6.58779284438259,11.0,12.0,13.0
167,1167,6.531723272332564,11.0,11.0,13.0
168,1168,6.227501805788262,10.0,11.0,13.0
169,1169,8.79435627878209,13.0,14.0,15.0
170,1170,4.273491981118584,9.0,9.0,11.0
171,1171,5.709207539226447,10.0,11.0,12.0
172,1172,8.167146901686067,12.0,13.0,15.0
173,1173,8.45418863716112,13.0,13.0,15.0
174,1174,6.727377207569087,11.0,12.0,13.0
175,1175,6.636540666641828,11.0,12.0,13.0
176,1176,5.154729220560576,9.0,10.0,11.0
177,1177,7.091953665191166,11.0,12.0,13.0
178,1178,8.944378698862755,13.0,14.0,15.0
179,1179,8.042488371344332,12.0,13.0,14.0
180,1180,6.145933993555868,10.0,11.0,12.0
181,1181,7.818544242649048,12.0,13.0,14.0
182,1182,9.325240497725,14.0,14.0,16.0
183,1183,7.713462059643097,12.0,13.0,14.0
184,1184,5.360988893042684,10.0,10.0,12.0
185,1185,4.326794560684538,9.0,9.0,11.0
186,1186,7.496531634722623,12.0,12.0,14.0
187,1187,9.107341386889354,13.0,14.0,15.0
188,1188,6.9148484779338695,11.0,12.0,13.0
189,1189,8.170535168160887,12.0,13.0,15.0
190,1190,2.905318730480092,7.0,8.0,9.0
191,1191,3.561775626996324,8.0,9.0,10.0
192,1192,9.146213785763962,13.0,14.0,15.0
193,1193,6.758902489401871,11.0,12.0,13.0
194,1194,6.809019435564244,11.0,12.0,13.0
195,1195,3.6695824369007206,8.0,9.0,10.0
196,1196,6.513636159323771,11.0,11.0,13.0
197,1197,5.750571987089787,10.0,11.0,12.0
198,1198,4.980275948845127,9.0,10.0,11.0
199,1199,8.636362002136467,13.0,14.0,15.0
200,1200,6.789184335872406,11.0,12.0,13.0
201,1201,7.108648638782676,11.0,12.0,13.0
202,1202,7.645775336955127,12.0,13.0,14.0
203,1203,9.258000866835536,13.0,14.0,16.0
204,1204,5.6687224681953685,10.0,11.0,12.0
205,1205,7.800725989137018,12.0,13.0,14.0
206,1206,7.5994150122575155,12.0,13.0,14.0
207,1207,9.597994307762802,14.0,15.0,16.0
208,1208,9.759366669879896,14.0,15.0,16.0
209,1209,8.130523454730595,12.0,13.0,14.0
210,1210,6.78192806318537,11.0,12.0,13.0
211,1211,6.857575419040083,11.0,12.0,13.0
212,1212,6.479204648908179,11.0,11.0,13.0
213,1213,9.671885578455218,14.0,15.0,16.0
214,1214,3.560035997983162,8.0,9.0,10.0
215,1215,6.452922015224153,11.0,11.0,13.0
216,1216,9.657542536597763,14.0,15.0,16.0
217,1217,5.946354088028861,10.0,11.0,12.0
218,1218,7.972437813212882,12.0,13.0,14.0
219,1219,2.7121396662521637,7.0,8.0,9.0
220,1220,9.46393369044761,14.0,14.0,16.0
221,1221,9.404049655756303,14.0,14.0,16.0
222,1222,7.1367868809872705,11.0,12.0,13.0
223,1223,7.766271073477682,12.0,13.0,14.0
224,1224,4.745001447476726,9.0,10.0,11.0
225,1225,8.651101589451292,13.0,14.0,15.0
226,1226,6.8578527752209,11.0,12.0,13.0
227,1227,9.802130257271621,14.0,15.0,16.0
228,1228,8.42786274740589,13.0,13.0,15.0
229,1229,6.9094872395661096,11.0,12.0,13.0
230,1230,7.39462985284445,12.0,12.0,14.0
231,1231,7.84839500020681,12.0,13.0,14.0
232,1232,5.343079460316981,10.0,10.0,12.0
233,1233,6.232132869189522,10.0,11.0,13.0
234,1234,6.393168862247348,11.0,11.0,13.0
235,1235,6.283786480875179,11.0,11.0,13.0
236,1236,6.5392898699786866,11.0,11.0,13.0
237,1237,5.526944971461726,10.0,10.0,12.0
238,1238,9.587292389332951,14.0,15.0,16.0
239,1239,10.799755032199348,15.0,16.0,17.0
240,1240,5.825282455867539,10.0,11.0,12.0
241,1241,5.472645106089395,10.0,10.0,12.0
242,1242,4.9559821149652175,9.0,10.0,11.0
243,1243,8.91229138308107,13.0,14.0,15.0
244,1244,8.43643458427998,13.0,13.0,15.0
245,1245,5.431143320502099,10.0,10.0,12.0
246,1246,8.106813918824614,12.0,13.0,14.0
247,1247,8.524875883687328,13.0,13.0,15.0
248,1248,11.805126580075207,16.0,17.0,18.0
249,1249,9.721177609466439,14.0,15.0,16.0
250,1250,8.84996833376548,13.0,14.0,15.0
251,1251,6.457746379466209,11.0,11.0,13.0
252,1252,6.538731632606051,11.0,11.0,13.0
253,1253,8.23216593587728,12.0,13.0,15.0
254,1254,7.038939912493054,11.0,12.0,13.0
255,1255,7.240386321690579,11.0,12.0,14.0
256,1256,7.976992266810781,12.0,13.0,14.0
257,1257,5.472915949676544,10.0,10.0,12.0
258,1258,10.24078182064715,14.0,15.0,17.0
259,1259,6.202745779160564,10.0,11.0,13.0
260,1260,5.660908050037786,10.0,11.0,12.0
261,1261,7.054496196984814,11.0,12.0,13.0
262,1262,8.322639919009523,13.0,13.0,15.0
263,1263,4.538194265075345,9.0,9.0,11.0
264,1264,8.55307638917327,13.0,13.0,15.0
265,1265,7.769313584408127,12.0,13.0,14.0
266,1266,4.658094358436095,9.0,10.0,11.0
267,1267,9.084659852265155,13.0,14.0,15.0
268,1268,6.389486997845532,11.0,11.0,13.0
269,1269,3.856874509494424,8.0,9.0,10.0
270,1270,8.331809525418494,13.0,13.0,15.0
271,1271,9.32718482369843,14.0,14.0,16.0
272,1272,7.590121467702696,12.0,13.0,14.0
273,1273,5.247406676464358,9.0,10.0,12.0
274,1274,7.00864908061545,11.0,12.0,13.0
275,1275,5.614144609430376,10.0,11.0,12.0
276,1276,8.40283510733442,13.0,13.0,15.0
277,1277,8.128001074487473,12.0,13.0,14.0
278,1278,8.74697248258462,13.0,14.0,15.0
279,1279,7.1236749184521315,11.0,12.0,13.0
280,1280,8.303724859491979,13.0,13.0,15.0
281,1281,5.565584694127462,10.0,11.0,12.0
282,1282,8.71897315432125,13.0,14.0,15.0
283,1283,8.19987946500259,12.0,13.0,15.0
284,1284,4.873494354921758,9.0,10.0,11.0
285,1285,8.552892824955183,13.0,13.0,15.0
286,1286,6.358468896553251,11.0,11.0,13.0
287,1287,5.128097866808243,9.0,10.0,11.0
288,1288,4.392441987696047,9.0,9.0,11.0
289,1289,6.076726070353855,10.0,11.0,12.0
290,1290,9.364943075985183,14.0,14.0,16.0
291,1291,6.038198539483838,10.0,11.0,12.0
292,1292,4.43663154699352,9.0,9.0,11.0
293,1293,5.666746849946126,10.0,11.0,12.0
294,1294,8.373693420066052,13.0,13.0,15.0
295,1295,9.098155746779872,13.0,14.0,15.0
296,1296,6.586780891856022,11.0,12.0,13.0
297,1297,6.583598663726288,11.0,12.0,13.0
298,1298,5.423576069637229,10.0,10.0,12.0
299,1299,6.511932058365843,11.0,11.0,13.0
300,1300,6.539427569716024,11.0,11.0,13.0
301,1301,5.827595034349647,10.0,11.0,12.0
302,1302,8.096163328790857,12.0,13.0,14.0
303,1303,8.554818903934914,13.0,13.0,15.0
304,1304,8.044119451611339,12.0,13.0,14.0
305,1305,7.743518402467716,12.0,13.0,14.0
306,1306,8.479893938143233,13.0,13.0,15.0
307,1307,10.399444282137475,15.0,15.0,17.0
308,1308,4.8641329776321935,9.0,10.0,11.0
309,1309,5.43349063721505,10.0,10.0,12.0
310,1310,8.394898758087152,13.0,13.0,15.0
311,1311,8.848711275711784,13.0,14.0,15.0
312,1312,9.771031805258238,14.0,15.0,16.0
313,1313,8.16361496163104,12.0,13.0,15.0
314,1314,7.702114631035318,12.0,13.0,14.0
315,1315,9.158797395228182,13.0,14.0,16.0
316,1316,10.635797290642662,15.0,16.0,17.0
317,1317,7.293454067050122,12.0,12.0,14.0
318,1318,6.736509300833179,11.0,12.0,13.0
319,1319,8.361915859031239,13.0,13.0,15.0
320,1320,5.792358885538296,10.0,11.0,12.0
321,1321,7.794111552774515,12.0,13.0,14.0
322,1322,5.015096687428749,9.0,10.0,11.0
323,1323,6.415798960610222,11.0,11.0,13.0
324,1324,8.590576046100365,13.0,14.0,15.0
325,1325,5.22970281236269,9.0,10.0,12.0
326,1326,7.0167344697859235,11.0,12.0,13.0
327,1327,3.98661653145341,8.0,9.0,10.0
328,1328,4.273976319256743,9.0,9.0,11.0
329,1329,7.468797936726152,12.0,12.0,14.0
330,1330,6.614897419179528,11.0,12.0,13.0
331,1331,7.761850184689585,12.0,13.0,14.0
332,1332,8.994207681880882,13.0,14.0,15.0
333,1333,4.676252516623077,9.0,10.0,11.0
334,1334,5.691182326816426,10.0,11.0,12.0
335,1335,8.736539967087332,13.0,14.0,15.0
336,1336,4.80826883431103,9.0,10.0,11.0
337,1337,9.147732106457786,13.0,14.0,15.0
338,1338,7.122813585915713,11.0,12.0,13.0
339,1339,7.5878626965265665,12.0,13.0,14.0
340,1340,6.39642915117637,11.0,11.0,13.0
341,1341,8.678451470174968,13.0,14.0,15.0
342,1342,8.506233349134703,13.0,13.0,15.0
343,1343,7.856875366760418,12.0,13.0,14.0
344,1344,4.055745917108854,8.0,9.0,10.0
345,1345,4.600006370308475,9.0,10.0,11.0
346,1346,6.353453869837335,11.0,11.0,13.0
347,1347,6.926713630419246,11.0,12.0,13.0
348,1348,7.139357817025993,11.0,12.0,13.0
349,1349,7.528669037615156,12.0,12.0,14.0
350,1350,8.053770931385666,12.0,13.0,14.0
351,1351,5.307283435414002,10.0,10.0,12.0
352,1352,6.803749022134196,11.0,12.0,13.0
353,1353,8.370383746900648,13.0,13.0,15.0
354,1354,10.213982189685302,14.0,15.0,17.0
355,1355,6.912285007294726,11.0,12.0,13.0
356,1356,8.388912377497991,13.0,13.0,15.0
357,1357,8.537223277548007,13.0,13.0,15.0
358,1358,7.656333416778219,12.0,13.0,14.0
359,1359,9.707626197072347,14.0,15.0,16.0
360,1360,8.758798315726692,13.0,14.0,15.0
361,1361,5.197687675189711,9.0,10.0,12.0
362,1362,6.527671636870158,11.0,11.0,13.0
363,1363,9.302901425661819,14.0,14.0,16.0
364,1364,4.380523420331197,9.0,9.0,11.0
365,1365,5.113882862628544,9.0,10.0,11.0
366,1366,8.777660689230176,13.0,14.0,15.0
367,1367,8.199201832758563,12.0,13.0,15.0
368,1368,7.5553914350310505,12.0,12.0,14.0
369,1369,6.234470312081931,10.0,11.0,13.0
370,1370,8.551552767191847,13.0,13.0,15.0
371,1371,7.130039616557539,11.0,12.0,13.0
372,1372,4.884239580347487,9.0,10.0,11.0
373,1373,7.027561785248315,11.0,12.0,13.0
374,1374,4.582601882967538,9.0,10.0,11.0
375,1375,6.940198396686031,11.0,12.0,13.0
376,1376,10.037999306909018,14.0,15.0,16.0
377,1377,10.109049123350056,14.0,15.0,16.0
378,1378,4.142813200533484,8.0,9.0,10.0
379,1379,4.7902128529797245,9.0,10.0,11.0
380,1380,7.78596946608232,12.0,13.0,14.0
381,1381,7.986124622142797,12.0,13.0,14.0
382,1382,4.8743348381441285,9.0,10.0,11.0
383,1383,7.650158849518717,12.0,13.0,14.0
384,1384,6.632355684860398,11.0,12.0,13.0
385,1385,3.2158390665276717,7.0,8.0,10.0
386,1386,6.2161858494138595,10.0,11.0,13.0
387,1387,9.282081592471458,14.0,14.0,16.0
388,1388,7.017999575714091,11.0,12.0,13.0
389,1389,7.132389538607287,11.0,12.0,13.0
390,1390,9.127864579704152,13.0,14.0,15.0
391,1391,8.382791488381686,13.0,13.0,15.0
392,1392,9.165079106990232,13.0,14.0,16.0
393,1393,7.403973371022307,12.0,12.0,14.0
394,1394,6.409661716932146,11.0,11.0,13.0
395,1395,6.586426057572287,11.0,12.0,13.0
396,1396,3.833828423335743,8.0,9.0,10.0
397,1397,8.502599734530314,13.0,13.0,15.0
398,1398,9.2264233406607,13.0,14.0,16.0
399,1399,8.456128707021628,13.0,13.0,15.0
400,1400,7.568648716468505,12.0,13.0,14.0
401,1401,5.4492465230306335,10.0,10.0,12.0
402,1402,8.466791367744863,13.0,13.0,15.0
403,1403,6.54805641231837,11.0,11.0,13.0
404,1404,7.80579974773989,12.0,13.0,14.0
405,1405,9.002584942262157,13.0,14.0,15.0
406,1406,7.011883761569693,11.0,12.0,13.0
407,1407,6.4868772406288375,11.0,11.0,13.0
408,1408,6.828465857646439,11.0,12.0,13.0
409,1409,6.910904219639074,11.0,12.0,13.0
410,1410,8.513282586072592,13.0,13.0,15.0
411,1411,6.756401071817665,11.0,12.0,13.0
412,1412,8.000106523175322,12.0,13.0,14.0
413,1413,10.111805637426485,14.0,15.0,16.0
414,1414,5.865778854529722,10.0,11.0,12.0
415,1415,9.05641767315581,13.0,14.0,15.0
416,1416,7.459951015682498,12.0,12.0,14.0
417,1417,6.740060903585436,11.0,12.0,13.0
418,1418,8.380539643505397,13.0,13.0,15.0
419,1419,6.358323814496911,11.0,11.0,13.0
420,1420,9.417741780133227,14.0,14.0,16.0
421,1421,7.246644183938306,11.0,12.0,14.0
422,1422,6.729172756963935,11.0,12.0,13.0
423,1423,6.662906801493974,11.0,12.0,13.0
424,1424,8.298668568189864,13.0,13.0,15.0
425,1425,3.3363224668087774,8.0,8.0,10.0
426,1426,5.747044944964652,10.0,11.0,12.0
427,1427,10.53393818326601,15.0,15.0,17.0
428,1428,7.88767684879419,12.0,13.0,14.0
429,1429,5.943806929149201,10.0,11.0,12.0
430,1430,6.271749962177851,11.0,11.0,13.0
431,1431,7.088089170736741,11.0,12.0,13.0
432,1432,5.558228702231864,10.0,11.0,12.0
433,1433,6.063241184293466,10.0,11.0,12.0
434,1434,9.289975621871916,14.0,14.0,16.0
435,1435,9.711942560752943,14.0,15.0,16.0
436,1436,7.750185581740895,12.0,13.0,14.0
437,1437,4.5622171376747875,9.0,10.0,11.0
438,1438,5.578571256526007,10.0,11.0,12.0
439,1439,8.307212577224625,13.0,13.0,15.0
440,1440,7.0110879526903975,11.0,12.0,13.0
441,1441,8.44738073415885,13.0,13.0,15.0
442,1442,8.142399168355297,12.0,13.0,14.0
443,1443,6.03177028681007,10.0,11.0,12.0
444,1444,5.380807717425875,10.0,10.0,12.0
445,1445,7.543132398616429,12.0,12.0,14.0
446,1446,6.643319746656627,11.0,12.0,13.0
447,1447,8.678694411996432,13.0,14.0,15.0
448,1448,6.698222952334456,11.0,12.0,13.0
449,1449,9.013031571241212,13.0,14.0,15.0
450,1450,6.433129171531072,11.0,11.0,13.0
451,1451,7.1060337694253715,11.0,12.0,13.0
452,1452,6.3030791739410255,11.0,11.0,13.0
453,1453,9.235390455549199,13.0,14.0,16.0
454,1454,9.09466561909065,13.0,14.0,15.0
455,1455,4.079283438637708,8.0,9.0,10.0
456,1456,7.983586477233003,12.0,13.0,14.0
457,1457,3.172066225197214,7.0,8.0,10.0
458,1458,6.1315354515048295,10.0,11.0,12.0
459,1459,6.562875745981808,11.0,12.0,13.0
460,1460,4.25143974902713,8.0,9.0,11.0
461,1461,4.339012649292212,9.0,9.0,11.0
462,1462,4.712875540403893,9.0,10.0,11.0
463,1463,8.379178092587523,13.0,13.0,15.0
464,1464,4.881709395691502,9.0,10.0,11.0
465,1465,7.0242193922517835,11.0,12.0,13.0
466,1466,7.512445955011566,12.0,12.0,14.0
467,1467,10.509735017887548,15.0,15.0,17.0
468,1468,5.249884904259393,9.0,10.0,12.0
469,1469,6.174193640029926,10.0,11.0,13.0
470,1470,4.5816890288049485,9.0,10.0,11.0
471,1471,3.3329901370191894,8.0,8.0,10.0
472,1472,5.2937439422752535,10.0,10.0,12.0
473,1473,12.310863545793971,17.0,17.0,19.0
474,1474,10.349515747165356,15.0,15.0,17.0
475,1475,4.557211925358151,9.0,10.0,11.0
476,1476,7.0457850472440215,11.0,12.0,13.0
477,1477,7.977523946245682,12.0,13.0,14.0
478,1478,8.74402392163595,13.0,14.0,15.0
479,1479,5.939503371495097,10.0,11.0,12.0
480,1480,8.193357733993325,12.0,13.0,15.0
481,1481,7.201849567100084,11.0,12.0,14.0
482,1482,5.398712168256096,10.0,10.0,12.0
483,1483,4.846943893936695,9.0,10.0,11.0
484,1484,5.491458670812187,10.0,10.0,12.0
485,1485,8.108799658263113,12.0,13.0,14.0
486,1486,5.658629212164174,10.0,11.0,12.0
487,1487,6.454872813209695,11.0,11.0,13.0
488,1488,7.408323374758222,12.0,12.0,14.0
489,1489,5.00549883030811,9.0,10.0,11.0
490,1490,7.400329286722597,12.0,12.0,14.0
491,1491,7.544512218814397,12.0,12.0,14.0
492,1492,7.544286803646489,12.0,12.0,14.0
493,1493,5.049573520318391,9.0,10.0,11.0
494,1494,7.80676669422528,12.0,13.0,14.0
495,1495,7.336341559933773,12.0,12.0,14.0
496,1496,8.245307749089408,12.0,13.0,15.0
497,1497,9.141803219717913,13.0,14.0,15.0
498,1498,4.2656286165966035,8.0,9.0,11.0
499,1499,6.184396760065432,10.0,11.0,13.0
500,1500,7.957098577421381,12.0,13.0,14.0
501,1501,8.756124412426828,13.0,14.0,15.0
502,1502,8.39944943298444,13.0,13.0,15.0
503,1503,7.3302547445972275,12.0,12.0,14.0
504,1504,8.56271896890877,13.0,14.0,15.0
505,1505,5.807539447795396,10.0,11.0,12.0
506,1506,10.80762526246539,15.0,16.0,17.0
507,1507,8.565647822473272,13.0,14.0,15.0
508,1508,5.290084436351231,10.0,10.0,12.0
509,1509,8.114364956753386,12.0,13.0,14.0
510,1510,7.047009402887267,11.0,12.0,13.0
511,1511,7.672941646575619,12.0,13.0,14.0
512,1512,6.6927262610973015,11.0,12.0,13.0
513,1513,7.251796517490818,11.0,12.0,14.0
514,1514,10.367010136764042,15.0,15.0,17.0
515,1515,8.841233047865678,13.0,14.0,15.0
516,1516,5.535179451902863,10.0,10.0,12.0
517,1517,7.757691349221546,12.0,13.0,14.0
518,1518,8.381108430025078,13.0,13.0,15.0
519,1519,3.6184957828540902,8.0,9.0,10.0
520,1520,4.093473947506596,8.0,9.0,10.0
521,1521,10.478695007877866,15.0,15.0,17.0
522,1522,7.00960796214687,11.0,12.0,13.0
523,1523,7.553501342370019,12.0,12.0,14.0
524,1524,7.673697798521969,12.0,13.0,14.0
525,1525,7.453757350306846,12.0,12.0,14.0
526,1526,8.561718575953872,13.0,14.0,15.0
527,1527,7.198302347460092,11.0,12.0,14.0
528,1528,10.913102997187206,15.0,16.0,17.0
529,1529,8.376181004467261,13.0,13.0,15.0
530,1530,7.317899504702465,12.0,12.0,14.0
531,1531,11.299011983354323,16.0,16.0,18.0
532,1532,6.7789861241856535,11.0,12.0,13.0
533,1533,11.688375860126932,16.0,17.0,18.0
534,1534,8.952644575881486,13.0,14.0,15.0
535,1535,7.58419965873226,12.0,13.0,14.0
536,1536,4.691082881412194,9.0,10.0,11.0
537,1537,7.787870985674887,12.0,13.0,14.0
538,1538,7.5150043083565565,12.0,12.0,14.0
539,1539,7.077108706012626,11.0,12.0,13.0
540,1540,8.562143456826787,13.0,14.0,15.0
541,1541,6.637287297474725,11.0,12.0,13.0
542,1542,10.300080680493492,15.0,15.0,17.0
543,1543,7.411013328820095,12.0,12.0,14.0
544,1544,8.42616504307,13.0,13.0,15.0
545,1545,6.9123792605670324,11.0,12.0,13.0
546,1546,7.75372324326504,12.0,13.0,14.0
547,1547,7.134470236898395,11.0,12.0,13.0
548,1548,6.884278343609103,11.0,12.0,13.0
549,1549,7.772670139291483,12.0,13.0,14.0
550,1550,7.042021813071461,11.0,12.0,13.0
551,1551,4.875243737889539,9.0,10.0,11.0
552,1552,8.773371641098516,13.0,14.0,15.0
553,1553,8.498302981937025,13.0,13.0,15.0
554,1554,6.4432877547652785,11.0,11.0,13.0
555,1555,4.4316297540867735,9.0,9.0,11.0
556,1556,8.656592674093263,13.0,14.0,15.0
557,1557,6.5175081924602685,11.0,11.0,13.0
558,1558,8.04512515108601,12.0,13.0,14.0
559,1559,6.557967830165645,11.0,12.0,13.0
560,1560,4.231566360848472,8.0,9.0,11.0
561,1561,10.073003597406947,14.0,15.0,16.0
562,1562,5.426239718125951,10.0,10.0,12.0
563,1563,5.594732011114051,10.0,11.0,12.0
564,1564,9.06846253746794,13.0,14.0,15.0
565,1565,4.622631578220077,9.0,10.0,11.0
566,1566,6.038864788029228,10.0,11.0,12.0
567,1567,2.5326564837240344,7.0,7.0,9.0
568,1568,10.523779830560281,15.0,15.0,17.0
569,1569,7.895779898465187,12.0,13.0,14.0
570,1570,6.650596701873765,11.0,12.0,13.0
571,1571,5.780387718374778,10.0,11.0,12.0
572,1572,6.655523282215674,11.0,12.0,13.0
573,1573,6.51150325341774,11.0,11.0,13.0
574,1574,7.380311143153918,12.0,12.0,14.0
575,1575,5.805437666847308,10.0,11.0,12.0
576,1576,8.75713451802538,13.0,14.0,15.0
577,1577,7.092353274747669,11.0,12.0,13.0
578,1578,8.398885088477646,13.0,13.0,15.0
579,1579,5.139252956963055,9.0,10.0,11.0
580,1580,5.572187042049532,10.0,11.0,12.0
581,1581,11.071213595772605,15.0,16.0,17.0
582,1582,5.180552218676267,9.0,10.0,12.0
583,1583,8.765501282296395,13.0,14.0,15.0
584,1584,10.122838174584917,14.0,15.0,16.0
585,1585,7.529541389886298,12.0,12.0,14.0
586,1586,2.356200624957032,7.0,7.0,9.0
587,1587,9.314285467773418,14.0,14.0,16.0
588,1588,7.15291086759258,11.0,12.0,13.0
589,1589,5.850163253821151,10.0,11.0,12.0
590,1590,9.771792634708943,14.0,15.0,16.0
591,1591,7.148790355606455,11.0,12.0,13.0
592,1592,8.192371695426676,12.0,13.0,15.0
593,1593,7.74367859764554,12.0,13.0,14.0
594,1594,8.78562461099559,13.0,14.0,15.0
595,1595,3.0201791198555243,7.0,8.0,9.0
596,1596,9.322860005945648,14.0,14.0,16.0
597,1597,12.263227189345313,16.0,17.0,19.0
598,1598,6.161796926275752,10.0,11.0,13.0
599,1599,5.519738762308403,10.0,10.0,12.0
600,1600,11.502222423134484,16.0,16.0,18.0
601,1601,5.574640424916829,10.0,11.0,12.0
602,1602,4.925582889479995,9.0,10.0,11.0
603,1603,7.066988215769368,11.0,12.0,13.0
604,1604,7.115012920831301,11.0,12.0,13.0
605,1605,7.153777016653915,11.0,12.0,13.0
606,1606,7.895164471025822,12.0,13.0,14.0
607,1607,5.930059098114363,10.0,11.0,12.0
608,1608,10.728102057669153,15.0,16.0,17.0
609,1609,9.125285742374151,13.0,14.0,15.0
610,1610,5.759383524379101,10.0,11.0,12.0
611,1611,4.544211803391268,9.0,9.0,11.0
612,1612,8.238861451129452,12.0,13.0,15.0
613,1613,8.708230507157037,13.0,14.0,15.0
614,1614,5.5148620186361015,10.0,10.0,12.0
615,1615,6.94730431303221,11.0,12.0,13.0
616,1616,9.199374187316613,13.0,14.0,16.0
617,1617,8.738719936489675,13.0,14.0,15.0
618,1618,7.015382461982655,11.0,12.0,13.0
619,1619,5.451114695569664,10.0,10.0,12.0
620,1620,4.969294677049531,9.0,10.0,11.0
621,1621,9.248308948398934,13.0,14.0,16.0
622,1622,6.676936079813595,11.0,12.0,13.0
623,1623,7.551577685173937,12.0,12.0,14.0
624,1624,8.908913263615533,13.0,14.0,15.0
625,1625,9.559820875531704,14.0,15.0,16.0
626,1626,10.588268219367526,15.0,16.0,17.0
627,1627,2.9335590620350835,7.0,8.0,9.0
628,1628,11.37601290546217,16.0,16.0,18.0
629,1629,6.6099029394098245,11.0,12.0,13.0
630,1630,8.68822642819698,13.0,14.0,15.0
631,1631,8.970332736945315,13.0,14.0,15.0
632,1632,6.994250944457674,11.0,12.0,13.0
633,1633,9.523471397768125,14.0,14.0,16.0
634,1634,7.998123284810165,12.0,13.0,14.0
635,1635,6.569061195037163,11.0,12.0,13.0
636,1636,5.680494904207665,10.0,11.0,12.0
637,1637,9.479058243548838,14.0,14.0,16.0
638,1638,4.116477684811058,8.0,9.0,10.0
639,1639,6.5191440429793985,11.0,11.0,13.0
640,1640,8.528508258440194,13.0,13.0,15.0
641,1641,9.685810979751192,14.0,15.0,16.0
642,1642,4.718362996910385,9.0,10.0,11.0
643,1643,5.719807250914901,10.0,11.0,12.0
644,1644,7.597931626587988,12.0,13.0,14.0
645,1645,5.867484978337907,10.0,11.0,12.0
646,1646,8.57855942840954,13.0,14.0,15.0
647,1647,8.520514857899139,13.0,13.0,15.0
648,1648,8.952181134339622,13.0,14.0,15.0
649,1649,8.466254098101892,13.0,13.0,15.0
650,1650,7.842487056176309,12.0,13.0,14.0
651,1651,7.694949281325678,12.0,13.0,14.0
652,1652,9.434024660281143,14.0,14.0,16.0
653,1653,9.315296963694943,14.0,14.0,16.0
654,1654,8.82204272665201,13.0,14.0,15.0
655,1655,5.5350364338849705,10.0,10.0,12.0
656,1656,5.216631129969773,9.0,10.0,12.0
657,1657,7.962534717760526,12.0,13.0,14.0
658,1658,6.333649475221214,11.0,11.0,13.0
659,1659,4.754044323883377,9.0,10.0,11.0
660,1660,6.689534549875939,11.0,12.0,13.0
661,1661,4.195137996212875,8.0,9.0,11.0
662,1662,4.649185258764663,9.0,10.0,11.0
663,1663,6.290371325960337,11.0,11.0,13.0
664,1664,5.395228828711105,10.0,10.0,12.0
665,1665,9.593960282502325,14.0,15.0,16.0
666,1666,6.447685003288097,11.0,11.0,13.0
667,1667,8.924533604588019,13.0,14.0,15.0
668,1668,5.213379817128809,9.0,10.0,12.0
669,1669,6.219830172544435,10.0,11.0,13.0
670,1670,10.609326797460584,15.0,16.0,17.0
671,1671,8.943894821566866,13.0,14.0,15.0
672,1672,6.49421168112479,11.0,11.0,13.0
673,1673,5.875463751164781,10.0,11.0,12.0
674,1674,4.149067469840804,8.0,9.0,10.0
675,1675,5.245325428362575,9.0,10.0,12.0
676,1676,5.721995144941641,10.0,11.0,12.0
677,1677,6.999582046532931,11.0,12.0,13.0
678,1678,8.05645705681656,12.0,13.0,14.0
679,1679,6.754611289709755,11.0,12.0,13.0
680,1680,7.408732968725475,12.0,12.0,14.0
681,1681,7.526551399888383,12.0,12.0,14.0
682,1682,9.244703280359657,13.0,14.0,16.0
683,1683,5.846935949356119,10.0,11.0,12.0
684,1684,9.624555758030784,14.0,15.0,16.0
685,1685,6.824697485957679,11.0,12.0,13.0
686,1686,4.447617246867985,9.0,9.0,11.0
687,1687,7.997373041411121,12.0,13.0,14.0
688,1688,8.692252782880898,13.0,14.0,15.0
689,1689,7.978570354557109,12.0,13.0,14.0
690,1690,11.110003462572955,15.0,16.0,17.0
691,1691,7.984046794573199,12.0,13.0,14.0
692,1692,7.661869278180912,12.0,13.0,14.0
693,1693,9.810870231641793,14.0,15.0,16.0
694,1694,9.707482366779123,14.0,15.0,16.0
695,1695,3.945186770792515,8.0,9.0,10.0
696,1696,5.835542254784823,10.0,11.0,12.0
697,1697,6.908200734148677,11.0,12.0,13.0
698,1698,8.540916207372174,13.0,13.0,15.0
699,1699,4.794139104243751,9.0,10.0,11.0
700,1700,2.376444901577171,7.0,7.0,9.0
701,1701,7.0262326456033914,11.0,12.0,13.0
702,1702,7.081943627403969,11.0,12.0,13.0
703,1703,4.680821449740708,9.0,10.0,11.0
704,1704,10.542998769481807,15.0,15.0,17.0
705,1705,6.910060597162208,11.0,12.0,13.0
706,1706,8.547665324182875,13.0,13.0,15.0
707,1707,7.0071527550261035,11.0,12.0,13.0
708,1708,4.851277346460785,9.0,10.0,11.0
709,1709,3.405042204833451,8.0,8.0,10.0
710,1710,10.568690593345433,15.0,16.0,17.0
711,1711,8.970981973337349,13.0,14.0,15.0
712,1712,10.834639167833375,15.0,16.0,17.0
713,1713,7.952922893336997,12.0,13.0,14.0
714,1714,6.382207289036773,11.0,11.0,13.0
715,1715,5.027794691687382,9.0,10.0,11.0
716,1716,5.435071818185223,10.0,10.0,12.0
717,1717,5.726276793334136,10.0,11.0,12.0
718,1718,6.573383063734291,11.0,12.0,13.0
719,1719,8.731846466014964,13.0,14.0,15.0
720,1720,6.289068734391427,11.0,11.0,13.0
721,1721,5.406938162810881,10.0,10.0,12.0
722,1722,2.6707874671431338,7.0,8.0,9.0
723,1723,7.432793974777518,12.0,12.0,14.0
724,1724,3.8685577714720543,8.0,9.0,10.0
725,1725,3.592814762523888,8.0,9.0,10.0
726,1726,6.247232653136053,10.0,11.0,13.0
727,1727,7.091417712109924,11.0,12.0,13.0
728,1728,7.938313326090419,12.0,13.0,14.0
729,1729,7.043463950452593,11.0,12.0,13.0
730,1730,7.368777936351033,12.0,12.0,14.0
731,1731,8.615580494634951,13.0,14.0,15.0
732,1732,6.416591583820079,11.0,11.0,13.0
733,1733,8.508974536397668,13.0,13.0,15.0
734,1734,7.275562567643982,12.0,12.0,14.0
735,1735,6.290324164638371,11.0,11.0,13.0
736,1736,4.421487405511886,9.0,9.0,11.0
737,1737,4.657691208663063,9.0,10.0,11.0
738,1738,3.837706557740611,8.0,9.0,10.0
739,1739,10.250065598500267,14.0,15.0,17.0
740,1740,6.82890488481503,11.0,12.0,13.0
741,1741,8.856432574532295,13.0,14.0,15.0
742,1742,6.090059755816123,10.0,11.0,12.0
743,1743,7.509260860921801,12.0,12.0,14.0
744,1744,8.514247292956044,13.0,13.0,15.0
745,1745,6.780850207694166,11.0,12.0,13.0
746,1746,6.764729059442921,11.0,12.0,13.0
747,1747,5.36465498914016,10.0,10.0,12.0
748,1748,7.843272709509818,12.0,13.0,14.0
749,1749,6.560816475192385,11.0,12.0,13.0
750,1750,8.427434407929315,13.0,13.0,15.0
751,1751,5.433068058067249,10.0,10.0,12.0
752,1752,8.208010767461824,12.0,13.0,15.0
753,1753,7.327989254562606,12.0,12.0,14.0
754,1754,4.989952179062289,9.0,10.0,11.0
755,1755,7.155966070253476,11.0,12.0,13.0
756,1756,10.524287060723303,15.0,15.0,17.0
757,1757,7.108122571362112,11.0,12.0,13.0
758,1758,4.518498587364793,9.0,9.0,11.0
759,1759,5.685088891905523,10.0,11.0,12.0
760,1760,2.391375368655284,7.0,7.0,9.0
761,1761,7.162126984935438,11.0,12.0,14.0
762,1762,8.628750680213477,13.0,14.0,15.0
763,1763,11.087059294754129,15.0,16.0,17.0
764,1764,8.165786951953702,12.0,13.0,15.0
765,1765,8.994987080675902,13.0,14.0,15.0
766,1766,8.108270609094847,12.0,13.0,14.0
767,1767,10.171440206388166,14.0,15.0,17.0
768,1768,7.026007200929946,11.0,12.0,13.0
769,1769,8.688281378403852,13.0,14.0,15.0
770,1770,2.4009931626588323,7.0,7.0,9.0
771,1771,8.015312427085195,12.0,13.0,14.0
772,1772,9.207369379713343,13.0,14.0,16.0
773,1773,5.858385177162997,10.0,11.0,12.0
774,1774,4.812111391694117,9.0,10.0,11.0
775,1775,7.880440955654268,12.0,13.0,14.0
776,1776,7.799407798979223,12.0,13.0,14.0
777,1777,2.525237042883449,7.0,7.0,9.0
778,1778,9.781761644453338,14.0,15.0,16.0
779,1779,7.827450239887436,12.0,13.0,14.0
780,1780,6.4960995903829035,11.0,11.0,13.0
781,1781,7.53660660105882,12.0,12.0,14.0
782,1782,6.248291601208451,10.0,11.0,13.0
783,1783,8.3234313012096,13.0,13.0,15.0
784,1784,6.073320949853199,10.0,11.0,12.0
785,1785,8.216761667661588,12.0,13.0,15.0
786,1786,7.552001042282859,12.0,12.0,14.0
787,1787,8.25236162353225,12.0,13.0,15.0
788,1788,6.6661867529260475,11.0,12.0,13.0
789,1789,8.03127950830563,12.0,13.0,14.0
790,1790,3.7556323065760506,8.0,9.0,10.0
791,1791,7.947458482763705,12.0,13.0,14.0
792,1792,8.08748516382102,12.0,13.0,14.0
793,1793,7.870533594432033,12.0,13.0,14.0
794,1794,5.768992153604213,10.0,11.0,12.0
795,1795,2.1606690123548837,6.0,7.0,9.0
796,1796,4.788876396281787,9.0,10.0,11.0
797,1797,6.150938686202157,10.0,11.0,12.0
798,1798,8.84314802528618,13.0,14.0,15.0
799,1799,6.789844596613048,11.0,12.0,13.0
800,1800,9.350256400819138,14.0,14.0,16.0
801,1801,8.980537312558225,13.0,14.0,15.0
802,1802,7.475788821266477,12.0,12.0,14.0
803,1803,8.281176499683179,13.0,13.0,15.0
804,1804,5.962124154786741,10.0,11.0,12.0
805,1805,6.251169749936661,10.0,11.0,13.0
806,1806,8.54318444886671,13.0,13.0,15.0
807,1807,5.848655664082698,10.0,11.0,12.0
808,1808,8.064602559301212,12.0,13.0,14.0
809,1809,6.1632451533922925,10.0,11.0,13.0
810,1810,6.5214230535708095,11.0,11.0,13.0
811,1811,8.792690946120686,13.0,14.0,15.0
812,1812,8.01414893144125,12.0,13.0,14.0
813,1813,4.261306606175778,8.0,9.0,11.0
814,1814,8.68398224249638,13.0,14.0,15.0
815,1815,9.726061480339153,14.0,15.0,16.0
816,1816,9.28409764677405,14.0,14.0,16.0
817,1817,5.947796918128534,10.0,11.0,12.0
818,1818,9.083052377684076,13.0,14.0,15.0
819,1819,6.012230316709871,10.0,11.0,12.0
820,1820,8.193758117881387,12.0,13.0,15.0
821,1821,6.8305539063297775,11.0,12.0,13.0
822,1822,3.654636579797585,8.0,9.0,10.0
823,1823,9.129273774399575,13.0,14.0,15.0
824,1824,8.347023083030965,13.0,13.0,15.0
825,1825,7.199002995726775,11.0,12.0,14.0
826,1826,9.01677475556888,13.0,14.0,15.0
827,1827,6.895441096909429,11.0,12.0,13.0
828,1828,7.323311267500907,12.0,12.0,14.0
829,1829,8.0196696738256,12.0,13.0,14.0
830,1830,8.110554514583594,12.0,13.0,14.0
831,1831,6.898751883698633,11.0,12.0,13.0
832,1832,7.37992823622763,12.0,12.0,14.0
833,1833,6.465632227548794,11.0,11.0,13.0
834,1834,6.713191496817728,11.0,12.0,13.0
835,1835,7.144393729636528,11.0,12.0,13.0
836,1836,6.5590200017697216,11.0,12.0,13.0
837,1837,9.893155464197235,14.0,15.0,16.0
838,1838,9.502564660464987,14.0,14.0,16.0
839,1839,7.508859664706181,12.0,12.0,14.0
840,1840,8.30120311440987,13.0,13.0,15.0
841,1841,11.442494363867983,16.0,16.0,18.0
842,1842,8.651674169698106,13.0,14.0,15.0
843,1843,8.44164585762046,13.0,13.0,15.0
844,1844,4.76961853030003,9.0,10.0,11.0
845,1845,9.419420851850445,14.0,14.0,16.0
846,1846,6.6675471827437445,11.0,12.0,13.0
847,1847,6.997473940886993,11.0,12.0,13.0
848,1848,8.241254821150411,12.0,13.0,15.0
849,1849,6.864240387299837,11.0,12.0,13.0
850,1850,6.085705552685727,10.0,11.0,12.0
851,1851,4.407422945137502,9.0,9.0,11.0
852,1852,7.020110154216411,11.0,12.0,13.0
853,1853,8.005227098242843,12.0,13.0,14.0
854,1854,10.543409705746608,15.0,15.0,17.0
855,1855,8.677470439804868,13.0,14.0,15.0
856,1856,6.079725661305168,10.0,11.0,12.0
857,1857,6.6878554978474565,11.0,12.0,13.0
858,1858,9.04878455040782,13.0,14.0,15.0
859,1859,6.18433037873189,10.0,11.0,13.0
860,1860,7.966222199632013,12.0,13.0,14.0
861,1861,9.656881601850694,14.0,15.0,16.0
862,1862,6.078156138487715,10.0,11.0,12.0
863,1863,7.928101650597799,12.0,13.0,14.0
864,1864,6.93356320784381,11.0,12.0,13.0
865,1865,9.897273904186385,14.0,15.0,16.0
866,1866,8.472168577585151,13.0,13.0,15.0
867,1867,6.045055167900731,10.0,11.0,12.0
868,1868,7.841020469946021,12.0,13.0,14.0
869,1869,7.599365660955267,12.0,13.0,14.0
870,1870,6.728271824180799,11.0,12.0,13.0
871,1871,8.537384961170986,13.0,13.0,15.0
872,1872,4.191781255006859,8.0,9.0,11.0
873,1873,5.293215749756998,10.0,10.0,12.0
874,1874,8.432518637377333,13.0,13.0,15.0
875,1875,4.528461518674092,9.0,9.0,11.0
876,1876,4.836105662271614,9.0,10.0,11.0
877,1877,7.607497344371963,12.0,13.0,14.0
878,1878,6.866809043566251,11.0,12.0,13.0
879,1879,8.978309625009814,13.0,14.0,15.0
880,1880,7.091648450280455,11.0,12.0,13.0
881,1881,6.602849759121827,11.0,12.0,13.0
882,1882,8.21197387432928,12.0,13.0,15.0
883,1883,9.02873540027316,13.0,14.0,15.0
884,1884,4.729812914169367,9.0,10.0,11.0
885,1885,7.3232842046047235,12.0,12.0,14.0
886,1886,6.852905734334803,11.0,12.0,13.0
887,1887,8.395126702220892,13.0,13.0,15.0
888,1888,7.218247586091158,11.0,12.0,14.0
889,1889,3.077595763686935,7.0,8.0,9.0
890,1890,8.839073840579287,13.0,14.0,15.0
891,1891,10.781502917318594,15.0,16.0,17.0
892,1892,5.8770374318918,10.0,11.0,12.0
893,1893,8.658982748517266,13.0,14.0,15.0
894,1894,4.560530211070637,9.0,10.0,11.0
895,1895,8.54852749748323,13.0,13.0,15.0
896,1896,7.613283939182258,12.0,13.0,14.0
897,1897,8.029339428226386,12.0,13.0,14.0
898,1898,2.7299971356430555,7.0,8.0,9.0
899,1899,7.3230822687348,12.0,12.0,14.0
900,1900,5.005761956781421,9.0,10.0,11.0
901,1901,9.006825703255176,13.0,14.0,15.0
902,1902,5.286884837339881,10.0,10.0,12.0
903,1903,9.364050970107263,14.0,14.0,16.0
904,1904,6.431263107977506,11.0,11.0,13.0
905,1905,4.13673376511695,8.0,9.0,10.0
906,1906,5.751751848439515,10.0,11.0,12.0
907,1907,9.826508145558515,14.0,15.0,16.0
908,1908,3.776765610882699,8.0,9.0,10.0
909,1909,6.975755043151697,11.0,12.0,13.0
910,1910,3.7782585024455786,8.0,9.0,10.0
911,1911,6.984161981872468,11.0,12.0,13.0
912,1912,3.7005409123398283,8.0,9.0,10.0
913,1913,4.521951217592525,9.0,9.0,11.0
914,1914,6.847145292311252,11.0,12.0,13.0
915,1915,9.55639162468188,14.0,15.0,16.0
916,1916,7.006976600270988,11.0,12.0,13.0
917,1917,7.7737893239909095,12.0,13.0,14.0
918,1918,8.652967325074565,13.0,14.0,15.0
919,1919,8.591481364098975,13.0,14.0,15.0
920,1920,6.969243231297585,11.0,12.0,13.0
921,1921,5.060293034511272,9.0,10.0,11.0
922,1922,7.952480876563459,12.0,13.0,14.0
923,1923,6.874211896501142,11.0,12.0,13.0
924,1924,8.14290551770587,12.0,13.0,14.0
925,1925,6.26972612782712,10.0,11.0,13.0
926,1926,5.489248878038672,10.0,10.0,12.0
927,1927,5.897090787805233,10.0,11.0,12.0
928,1928,9.02854791923089,13.0,14.0,15.0
929,1929,9.070512921691169,13.0,14.0,15.0
930,1930,8.87987199770744,13.0,14.0,15.0
931,1931,7.14787272646968,11.0,12.0,13.0
932,1932,7.916739385959916,12.0,13.0,14.0
933,1933,7.304816246998979,12.0,12.0,14.0
934,1934,8.49006443699264,13.0,13.0,15.0
935,1935,8.37854334267945,13.0,13.0,15.0
936,1936,5.6303863764578495,10.0,11.0,12.0
937,1937,9.651631366266855,14.0,15.0,16.0
938,1938,9.145357152497166,13.0,14.0,15.0
939,1939,10.678563386514304,15.0,16.0,17.0
940,1940,5.567751856398585,10.0,11.0,12.0
941,1941,7.153188073204134,11.0,12.0,13.0
942,1942,7.106195430511091,11.0,12.0,13.0
943,1943,6.41892278554587,11.0,11.0,13.0
944,1944,6.922199904335145,11.0,12.0,13.0
945,1945,6.98961143429823,11.0,12.0,13.0
946,1946,8.578475916063447,13.0,14.0,15.0
947,1947,6.988755603252592,11.0,12.0,13.0
948,1948,6.146431688437755,10.0,11.0,12.0
949,1949,3.4989367289957487,8.0,8.0,10.0
950,1950,5.483974801714686,10.0,10.0,12.0
951,1951,9.290587796707454,14.0,14.0,16.0
952,1952,4.017890829181779,8.0,9.0,10.0
953,1953,6.969164010224913,11.0,12.0,13.0
954,1954,7.912008451184089,12.0,13.0,14.0
955,1955,9.030546928007347,13.0,14.0,15.0
956,1956,5.321763495408868,10.0,10.0,12.0
957,1957,5.467395357356151,10.0,10.0,12.0
958,1958,7.152475493887557,11.0,12.0,13.0
959,1959,5.204153844016265,9.0,10.0,12.0
960,1960,8.508871675389358,13.0,13.0,15.0
961,1961,6.490724614788931,11.0,11.0,13.0
962,1962,4.655317547494285,9.0,10.0,11.0
963,1963,8.307494395752842,13.0,13.0,15.0
964,1964,7.93819156253334,12.0,13.0,14.0
965,1965,7.941923368168697,12.0,13.0,14.0
966,1966,9.819779457322042,14.0,15.0,16.0
967,1967,9.076683743430287,13.0,14.0,15.0
968,1968,7.811778647108107,12.0,13.0,14.0
969,1969,8.024341862063913,12.0,13.0,14.0
970,1970,3.0669230849693006,7.0,8.0,9.0
971,1971,8.067520044941407,12.0,13.0,14.0
972,1972,6.439182582702606,11.0,11.0,13.0
973,1973,4.473689967243688,9.0,9.0,11.0
974,1974,7.716310001510211,12.0,13.0,14.0
975,1975,6.065780990611001,10.0,11.0,12.0
976,1976,7.727668122138367,12.0,13.0,14.0
977,1977,4.200174231567695,8.0,9.0,11.0
978,1978,5.882943743197257,10.0,11.0,12.0
979,1979,8.178687063563483,12.0,13.0,15.0
980,1980,9.422603525148228,14.0,14.0,16.0
981,1981,8.39106398656767,13.0,13.0,15.0
982,1982,6.690595565276363,11.0,12.0,13.0
983,1983,7.68595552920443,12.0,13.0,14.0
984,1984,9.457078555404296,14.0,14.0,16.0
985,1985,7.823460362099823,12.0,13.0,14.0
986,1986,6.592043315239077,11.0,12.0,13.0
987,1987,5.793533195361237,10.0,11.0,12.0
988,1988,4.734628855573804,9.0,10.0,11.0
989,1989,6.870522898302112,11.0,12.0,13.0
990,1990,10.067905796894854,14.0,15.0,16.0
991,1991,7.2210072613072125,11.0,12.0,14.0
992,1992,7.894525140004552,12.0,13.0,14.0
993,1993,9.818157370289981,14.0,15.0,16.0
994,1994,8.062839245881296,12.0,13.0,14.0
995,1995,6.527419817304482,11.0,11.0,13.0
996,1996,6.3563984610943045,11.0,11.0,13.0
997,1997,5.076926123071981,9.0,10.0,11.0
998,1998,10.203147950529981,14.0,15.0,17.0
999,1999,8.697204843172814,13.0,14.0,15.0
